name,label,start,end,strand,sequence,length
POS_Bgy2,1,243342,245564,-1,ATGACAGCCATTCCTTCTAATGATTTTATTGATCAACTGACTTTGACCGAAAAGGCCAGTCTGGTTTCCGGCAAAGATTTTTGGTTTACTGCTGGCGTCGAACGACTAAACTTGGAAAAAATTATGATGACAGATGGTCCTTCGGGTTTGCGAAAGCAAGCCAGTAGCGCGGATGCTTTGGGTCTTAATCAAAGCGTCAAAGCGGTAACCTTTCCAGCTTCAGCACTGACTGCTAGTTCCTTTGACCGCAGTGCTTTAACTCACCTCGGGCAACATCTGGGGACCGCGGCTAAAGCCGAAGGTGTCAGCATTTTATTAGGCCCAGGTATTAATATCAAACGTAGCCCATTAGCCGGTCGAAACTTTGAATATTTTTCAGAAGACCCCTTAGTGGCTGGTGAACTGGGTGCTGCATACGTAACTGGCGTCCAGAGTCAAGCTGTCGGCGTTAGTGTTAAACACTTTGCCGCCAATAACCGTGAAAATCAGCGGTTCACCTCATCCTCAAATATGAGTGAACGAGCACTGCGAGAAATTTATCTCGCTGCTTTTGAACGGATTGTGACCAAAGCCCATCCTGCAACCATCATGTGTTCTTACAATGCGATTAACGGCACCCTAAACTCACAAAACTTCCGTCTATTAACGACAATCTTGCGTGATGAGTGGGGGTTTGATGGCGTTGTCATGTCAGATTGGGGCGCAGTTGCCGACCATATTGCGGCATTGCGAGCTGGTCTTGATCTAGAAATGCCCGGAAAGGGTCCTCAATCTACAACAGAAATTGTCGAGGCCGTACAGCACGGCGACCTAACCGAGGCCACTCTCAATATTGCTGTCAAACGTGTTCTTAAAATGATTCACGAGTGGCATGTGGATAGCACGCCACATGCTTACGACCAAGAAAAACAACATCAATTTGCTCGCCAACTGGCGGCTAATAGTTTTATTCTGTTAAAAAATGACCACCAAGTCTTACCATTAGATAATCTCCAAGATGTCACAATTCTAGGCGAATTAGCGGAAAAGCCACGGTACCAAGGTGGTGGTAGTTCCCACGTCAATGCTTTTCGGGTTACAACACCGCTCTCAGTAGCTCAAGCTGCTGGCAACACAACTTATCAAGCCGCTTATCAAGTTAACGCCACGCAGTCTGACCCCAATCGATTGGCACAAGCCGTAGCGGCCGCTAAAAAAGCACCCGCCGTTGTTATCTTTGCTGGCGTCCCTGAAGCATTGGAATCAGAAGGCTTCGATAAGACCACCATGGCCTTACCCGAAAACCAAAACACCCTGATTTCCCAAGTTGCTGCCGTGAACAACCGTACCGTTGTCGTTTTACAAAACGGTTCGGCTATTGAAATGCCTTGGGCAGATGACGTCGCAGCTATCCTAGAAACCTATTTGGCTGGAGAAGCTGTTGGTGAGGCCACTTGGGACGTATTGACTGGTGCAGTCAATCCCAGCGGAAAATTAGCGGAAAGTTTTCCATTTAAGTTAGCCGATAATCCGACTTATGGAACCTTTAATGCCAGTCCGTTAACGGAAGATTACCATGAAGATATTTTTGTAGGATACCGCTACTACGACTTGAAGCAACGGGCTGTACGCTATCCATTTGGCTTTGGTCTCAGTTATACCCATTTTAGCTATCATGATCTTAAGGTTACTGTCCAAGATCAGCAGGTGACGTTACGTTATCAACTTACTAATGATGGTCCGGTCGACGGACAAGAAATTTCTCAAATTTATGTGGCTAACCATGCCAGCCATATAGAGGTGCCGCGCCGTGAACTCCGTGACTTTGTCAAAACCGCTTTGCGTTCTGGCGAAACTAAAACAATTACTCGAATACTGACTCGACGTGATTTCAGTTGGTACAACGCCCGAACGGCTTCCTGGCAAATGGATGACGGTAACTATACGATTAGTGTCGGTCAATCATCTCGTCAGCTAAACCTCAGCCAAGATATCTCACTTACCTGGAATCCCAAACATTTGGCCCCCATTACCGCTAATACCTACATTGGGGATATCATGGCTCGACCAGATCTGCGTCCCGCTCTGGAACAAACAAAAATGGCAACCAGTCTTGATCAACTGGCTAATGATGACACTAACAGTGAACTCATGAAAAATATGCCACTCCGAGCTGCCATCATGGTCGGCATTGATGCGAGTCAGCTCAAGGAATTTTTACGCCTCACTAATCAAATTCAATAA,2223
POS_Bgy1,1,1961245,1963527,1,TTGAACAAAAAGAAAGGATTTGAACGTATGGACATCGAACGAACGCTTGCTGAACTCACATTACCTGAGAAGGCTGCTCTGGTTTCCGGTAAAAATAACTGGTACACCGCAGCAGTTGATCGCCTAGATTTACCAGCGCTAATGATGACGGATGGTCCTTCTGGATTACGGAAACAAATTAATTCTGGAACCACCAATATCAATGACGCCATTCAGGCCATTACCTATCCGGCTGCTGCGTTAAGCGCCAGCACGTGGAATGAATCCCTTATGCACCAGCTTGGGGGACACTTGGGAATTGAAGCGCGCGCCGAACAGGTCAGTCTCTTACTCGGACCCGGTGTTAACATGAAGCGCTCACCCTTGGGTGGTCGTAACTTTGAGTACTTGGCTGAAGATCCGCTCGTTGCTGGGAAGCTTGGCAGCGCCTACGTTCAGGGGGTCCAATCCCAACACGTTGGGGTAGCCGTTAAGCACTTTGCGGCGAACAACCGGGAAAACCAACGTTTCACCGCCTCTAGTGATATGTCAGAGCGAACACTACGTGAACTCTACTTGCGTACCTTTGAAATCATCGTCAAATCAGCCTATCCGGCAACCATTATGACGTCTTACAATAAAATCAATGGTGTTCTCAACTCACAGAATGAACGCTTGTTACGGCGAATCTTACGGGATGAATGGGGCTTCCATGGCGCTGTTATGTCCGACTGGGGCGCTGTCGCCAATACGGTTCAAGCCTTGAAAGCTGGTCTAGATCTCGAAATGCCTGGGAAGGGCCAGGCTTCAGTTAATGATATCATTCGCGCAGTTCACACCGGCGAATTAGACGAAGGGACTTTAAACAAAGCGGTACGTCACCTCTTACACGTCGTTGATGATTGGTTACCGGCCGACCATGCGCAACCCTACGATCACGCTGCTCACCACCAATTTGCGCGAAAATTAGCGGATGACGGTATCATCTTACTAAAGAACCATGAAGATGAACTTCCTTTAGACCCACAAACAACTGGCAAGGTTGTGGTGATTGGTGAGCTGGCTGAAAATCCACGTTTCCAAGGATCTGGCAGTTCCCATGTTAATCCAACTAAATTAGTTTCCCCATTAGATGCACTGGCCGGTAGTGGGTTAAAAGCCGACTACTACCCTGGTTATCGTCTCGATCAAAGCGAAACCAACGGCGACCTCGCTGAAGCGGCCTTAACCGCTGCTAAGACCGCCGATCATGTCATTATTTTTGCAGGTTATCCAGAGGCGGCCGAATCAGAAGGCTTTGACAAGGCCTCCCTCATGTTACCCGAAAATCAGTCAGACTTAATTGGCAGTTTGGCCAAAGCCAATGTCCATACCACTGTGGTGTTACAAAATGGCTCTGCGGTTGAAATGCCATGGATTCACAGCGTAGCAGCCGTTGTTGAAACTTATCTGGCCGGAGAAGCTGTTGGGGAAGCGACTTGGGATATTATTACTGGCGCCGTTAATCCTTCCGGTCATTTGACCGAAACTTTTCCTCGTCGGCTCACTGATACCCCAATGGCTCCCACATTTGGTCAAGACCCCCATCACGAATACTATACCGAGGGCATCTTCATGGGGTATCGCTACTACGATACACACGAAATGCACGTGCTATTTCCCTTCGGTCACGGTCTCAGCTACACCACGTTCGAATATACGAATCTCAAGTTAACTCAAAACGAACGCGGCGCCACCGTGACGTTTGACGTCACCAATACAGGTGCGCGCTCAGGACAAGCCGTACCGCAACTCTACATCGCTAATCACGCTTCCCACGTTCCCATGCCAACCAAAGAGCTACGTGCCTTCACCAAAGTTGCCATTGCTCCTGGCGAGACTGAAACGGTCACCCTAGCGCTTGATCGACGTGACTTCAGTTGGTGGTGCGAACCCAAAGCTCGTTGGCAAGCTGATTCCGGCGACTACGAAGTCATGATTGGCGAGTCTTCTCGCGACATTCGTCTGCAAGTTAAACTCACGATGGATTTCAAAAATTCACCGGCACCAATCTCGACCGAAACCTATATGGCAGCCATTGTTAAAAATCCACAATTACGCGATCTCTTCAAGCAGGTTGTTTTAGCACCAGAATATGCTGGTCCAGAAAACTTCTTAGCCACCACAGATGACCAAGGAAGCCTACAAATCTTCCAGGATCGCATGTTCATGAACATGCCATTGCGAGCTGTCGTCGCTTTGGGTGGTCCCCAAGCGTTGATTACAGACTTTATCACACGGGCAAACACCTTATTACGTCAATAA,2283
NEG_LVISKB_0136_alpha_glucosidase,0,137783,140278,1,ATGAAAGTTAGCTCAAAATTGCTGAGTATCACCAACCATCATGAGTATCTTGATTTAGTTACAGACGGCGCAAAGTTTAGAATTTACTTACTAGATGAGAATATTATTCGCATCCGGGGAACGTTTGATGATGACTTCGCGCCAGAAGAGTCCTACGCACTGGTTAAGACGGCGTGGGCGGATGCAACCGATGACCTAATCGGTGACGAGCGGCAACGGGTAACCCCGATTGCGGTTGAATTGACGGAAACGGCTGACGGTTATACGGTGTCAAACGGTCGCTACACGTTGGAAATTCATGCAGAGCCTTTCTATTTTGAAATTAAAGATCAAAATGGTGTGACGGTGCATAAGGATCTCGTGAAACGGTCCTTTGTCCAGGATGATTTAGGTCGTCGTTTCCACTACAGTGCCATGGGCGATCACGATAAGTTTTACGGATTTGGTGAGAAGTCCGGCAAACTTAATAAGTTTAAACGACGGATGCGCATGCACAACACGGATTCTTTAGGTTGGAATGCCGCTAAGTCAGATCCGTTGTATAAAATGATTCCCTTCTATATTGATTTCAACACGACGACTAATATCGCGAGTGGCTTGTACTACAACAACACGCACGACTCGGTCTTTGATATGGACTGTGAACACAGTAACTACTGGTTACGTTACAGTTATTTCCAGTGTGATGGTGGCGATCTAGATGTCTTCTTCATTGGCGGCCCAACCATTAAGCAAGTGGTCGAGCATTATACGGATTTGACGGGAAAATCAGCCATGATGCCATTGCCATCACTGGGCTATATGGGCTCAACCATGTTTTATACGGAACTGGATCAGGATGCCGATCAAGCCATCCTGGACTTTATCGATACGTGTAAGAAAAACGGGATTCCGTGTGATGGCTTCTTCCTATCTTCGGGGTATACCTCGGGCAAGGATGGCAAACGGTACGTCTTTAATTGGAATAAGAAACGTTTCCCTGATCCACAAAAATTTGTGGCGGAACTCAAGAAGCTCGGCGCACTGTTAGCTCCCAATATTAAACCAGGGATGCTGGTGACTCACCCATTAGCCGATGAGTTTATGGAAAAGGATGCTTACATCAAGACGCCCGATGGTCAAGGGAGCCAAGTCGACCAGTATTGGGGTGGCGATGCCCACTTTGTTGACTTTACCAATCCCCATGGTCGGGATGCTTGGGAGCAAAAAATGACGGAGGCCTTGCTATCAATTGGCATTACCTCGATTTGGAATGATAATAACGAGTATGAAATCAATGATACGCAGGCCGTAGTGGATGCCGAAGGACAAAAGAGCACGATTGGTGCGCTAAAGCCGATTATGCCGACGATGATGGCTAAGGCAGCTAAGGATGCCATTAATCGTTATGACGCAACGGTTCGCCCGTATCTAGTCAACCGAGCAGGATTTGCCGGCATTCAACGGTATGCCCAAACGTGGGCTGGTGATAACTACACGAGCTGGACGAATGTGAAATATAATATTCCCACTATTCTAGGCATGGGGTTGTCAGGAGTGGCGAACCAGGGTTGTGACATTGGTGGGTTCGATGGCCCGCTACCTGAACCAGAACTCTTTGTTCGGTGGGTTCAAAATGGTATTTTCCAGCCAAGATTCTCCATTCACTCTTGCAACAATGATAATACGGTCACAGAACCCTGGACGTATCCGGCTTACACCAAGTACATCAGGGCAGCAATTCAGTTGCGGTATTCTTTGGTGCCGTACCTGTACTCACTGCTGTATGAAGCCTCAACGAAAGGCTCACCGATCATGCGGCCATTAGTTTATGAATTCCAAGACGATCCGCAGGTGGCGGAAGAAAGTTTTGAATTTATGTTAGGCGCTTCGTTATTGGTGGCTAACGTTGTTGACAAGGGTCAAACCGCTAAGTCAGTCTACCTGCCAGCGGGAGTGGATTGGTTAGATCTGAAGACGTCCCAGTATTATACGGGTGGTCAGACGATCACGATTCCGGTAGATTTAGGGAGCATTCCGATGTTCTTGAAAGCCGGGAGCATCGTTCCTCAAAGTAAGGGACTGATGAACCTGCATAATGACGTGATCGACAAGCTGGATGTGTTAATTGAACCAAGTCGCGATGCTGAATTTGTGGTGTATGAAGATGACGGAGTAACAAATAATTACCGCCAAGGCGAAACCTTAGAAACGACCATCAAAACGACGGCAACAGCTGACAGTGTTGTGATTGATTTTGATCGGGTTGGCCAGTATCAAACGCAAGTTAAAACCATGGCACTAGCAGTTTGCTGTCCGAAGATTGCGCCGTTAAGTGTTGATTTAGCCGACCAATCCTTGCCACGGTATCTCAATGCGGCTAAGTTCGCGGATGCCGCTGAGGGATGGTACTTCGATGGCGAAAGTCGCCAGGTTCAAATTAAATATGCTAATCCCGAAGTGGCTGGTTATGCCGTAAAGGTTAACTTTAGTGTGAAGGATTTAATTTCGATTTAG,2496
NEG_LVISKB_0244_beta_galactosidase,0,246719,248728,1,ATGAGTGAGGGACAAGTGATGAAAGATATTTTATATGGCACGGCCTATTATTACGAATATTTACCTGTTGATCGATTGGATAAGGATATCGAGATGATGAAAGCTGCTAACATCAATGTCGTTCGCATTGGTGAAAGTACATGGAGCACTTATGAGCCGCAGGATGGTGTTTTTGATTTTTCACCTTTGGATAAAGTGCTTGATGCTATGCATACTGCCGGGATTCATGTAATTGTTGGTACCCCAACTTACGCTATTCCAACTTGGTTGGCCAAGACGTATCCAGAAGTTATGGTACAGGTTGATGGTCAGCGTAAACCGTATGGTGCTCGGCAAATTTTTGATATTACAAATCCAACATTTCTACGATATGCTGAACGAATCATTCGGAAAATGATGCAACATGTTGCACACCACCCTACAGTCATTGGATTCCAAGTAGACAACGAAACCAAACACTATGGTACGTCAAGCGATAATGTTCAAAAAGGGTTTGTTCAGTTTTTAAAGCGTGAATTTAAAGGCGATTTAAAACAATTAAATCAGAAATTTGGACTGGATTATTGGAGTAATCGGATTAACGCATGGGAAGATTTTCCTTCAATGGACGGCACAATTAACGGAAGCCTACAAACGGCCTTTGAGACTTATCGGCAGAAACTAGTCACAGATTACTTATCTTGGCAGGTTTCTCTGGTTGATGACTATCGTCTCGCTGATCAATTTGTTACCCATAATTTTGATTTTGAATGGCGTGGTTATTCATATGGTATTCAACCAGAAGTCAATCATTTTGATGCTAGTGCCGCGTTGACTTATGCCGGAGGTGATATTTATCACCCGTCGCGTAAGCACTTGACGGGAACTGAACTCTCTTTTGCGGGTGATGAGTTGCGAACACTAAAGCATGATAATTATTTGGTAATGGAAACTCAGGCGCAAGCCTTTAAGCAGCAGGTTCCTTATCCAGGACAGTTGCGCCAATTGGCTTATAGCCATCTAGCTTCGGGGGCTAATATGGTGGAATACTGGCACTGGCATTCGATTCATAATTCGGCAGAGACTTACTGGAAGGGGATTCTCAGCCATGATTTTCAGCCGAATCCAATTTATGACGAGGTTAAACAAACCGGCACGGAATTGAAGCGTCTTTCAAGTCATTTGGTCAATTTAAAAATTAAGGCAAATGTTGCCTTCTTGGCTAGTAATCGTAGTTTTACAGCACTCAATGCCTTTCCATTTTCTGATAATCATAACTATAATGACCTCTTCCGATCGCTATATGATCAATTTTATCGATTGAATATTCGGACCGACATAACTGATGAGACTCATATTCGATTACAGGACTATCAATTAATTGTTGTGCCGGCTTTGTATAGTGTGAGCGATGCTTTCTTGGATAAACTCGATGACTACGTAAAACGTGGTGGACATGTGATCTATACGTTTAAGTCAGGTTTCACAAATGAACACGTCAAAGTACGCATGGATCAACAACCGGGCCGACTTACCCGCTCAACGGGGGTCCACTACAACCTATTTGTAGATCCAGATGGCACACAATTAGTTGGTCAGTCTCGAAGTTTGCGACAGATTGCAGATACGTCATTACAGGATTGGATGGAATTATTAATTCCTGATACAGCGGAGATTTTAGCAACGTACGATGATCCTAACTGGTCAAATTATGCAGCAATCACTAAAAATCATTACGGTCAAGGGTCGGTAATTTATCTAGGCTGTTATCCGTCTGCGGCGGTAATTTCTCAATTAGTGGCTGATTATACGCAAGAGTTAGGATTACGACGGTTCACTGCGGCCTTTCCAGTCATTATTAAGCAGGGAACGAATGACTTAGGTAAGACGGTGACCTACTACTTCAACTACTCAAGTGAAACACAACTCGTATCGAATCCAGTTCGCGGCACTGACTTGTTGAGCAATCAAGAAGTGGTCAACAAGTTAGTATTAAACCCGTGGGGTGTAGCGATTGTTGAGTCCGTATAA,2010
NEG_LVISKB_0246_endo16bglucosidase,0,250056,251390,1,ATGACAACTTGGATTGAAAGTACGCCGGATGCGTATTTAACTGAGAAAACACCCACAACGATTACAGCAACCACCTCGCCAGATTTGCAATTGACAGGAGAACGGTTACAGAAATTGCGGGGATTTGGCGGTTGTTTTAATGAACTGGGGTACCTACCCCTCAGTAAGTTACCCGATGATCAGCAGCAAATGATTTATCGTGATTTATTTTCACCAGAAGGGCTGAACTTTACATTTAATCGGACCCCAATTGGGGCGAATGATTTCGCAGAAACTTGGTACAGTTATGATGAAAGCGATGGGGATTATGCACTGGATGATTTTTCAGTAGCCCATGATGAACAGACGTTGGTTCCCTATATTAGAAATGCCCAGCGTTATCAACCAAATTTGGAATTATTTGCCAGTCCGTGGACACCGCCGACTTGGATGAAGTTTCCTAAAGTCTATAACTTTGGACGAATTGTGATGACACCTGAGAATTTACAGGCGTATGCGGATTATTTCGTCAAGTACATTCGGGCTTACGAAAAACTAGGTATTCATATTCAACGTGTTTGTCCGCAAAATGAAGTATTTGCCGACCAGAAGTTTCCATCCTGTCGATGGCATAGTGAAGACTTACGTATCTTTATTCGAGATTATCTTGGCCCGACGTTCAAGCAAAATAACTTGGATACTGAAATATTTCTGGGGACGCTGAATGGTCCAGAAGACATGTCATTTGATGCATCCGGCATTAAAATGGATAACTATAACCGCTACGTTGATAATATTTTATTTGATGACCAGGCACGAAAATATATCACAGGAATTGGGTATCAATGGGCTGGGCAACATGCTATCGAACGGACGCATGCGTCGTGGCCAGAAATGGAGCTGATTCAGACTGAATCGGAATGTGGTTATGGTGAAAATACGTGGCAATATGCTGAATATATTTTCCATTTGGTCAACCATTACTTCACAGCAGGAGCAACAGCTTACACGTATTGGAATATGATTCTAGGTGATACCATTAGCACATGGGGATGGCACCAAAACTCGATGTTTTCAATTGATTCTAAGACACAAGCAGTCACCCGTAATCCTGAATATTATGTTATGCGGCATTATGCACATTATGTGAAGCCAGGGGCTCGCGTATTAGCGACAACGGGACATTTTAACTCAATGGGAAAGGCTTTTCGCAATCCGGATGGGCAAGTGGTCGTCGTTGTCCAGAATGCATTAAATCGCGAATTACCGTTTACCTTTGCCGATCCTGATCAACCGGATGAGGGAATTCAGGTAACACTAGCGCCGAACTCATTCAATACATTTGTACTCGATTAA,1335
NEG_LVISKB_0314_oligo16glucosidase,0,327106,328743,1,ATGGCGGACACACAGTGGTGGCAACACGCAGTTGGATACCAAATTTATCCACGGAGCTTTTTTGACAGTAACCACGACGGTGTGGGCGATCTGCCAGGGATTTTAACTAAAATTGATTATTTACAGTCACTCGGAATTGATTTCGTCTGGCTGTCAGCGTTTTACCCCTCTGGAAATGTGGATAGTGGATATGACGTTACGAATTATCGCGATGTGGCATCCCAATATGGAACACTAGCGGACTTTGATCGGTTAGTGACAGCCTTTCACGAGGCGGGGATTAAGGTGGTCATTGATCTGGCGTTGAATCATACCTCAGATCAACATCCGTGGTTCCAAGCGGCTTTAGCCGATCCGCAGGGTCCTTATCGTGATTACTATCTATGGCAACCGGCGACCGCAACCGTCCAGCCAAACAATTGGCAATCTGTTTTTGGCGATTCGGCGTGGACTTATGTGGCTGATCAACAGGCCGCTTATCTCCACACCTTTGCGGCTGAACAGCCTGACTTAAATTGGCGAAACCCAGCCGTTCGTCATGAAATGGTACAGATTATACAGTGGTGGGCTGATCGTGGTGTTGATGGGTTTCGTTTCGCTGGTGTTACACATCTTAAGAAGCGCACGGATTTTGCTGATGTGACGCCAGCTACCGCGTATTACGAAGATGTGGCGGATACGGTCACGTTACTAGCGGATTTAAAACCCGTATTGGTGAAAAATCACTTATTGGCCATCGGTGAGGCCGGGGGAATTGACCCCAGTACCGCACAACGCTGGCTAGATCCGGCAACCGGTTTTTTTGACTTGCTGTTAGAATTTGACCATGTTCATTTCTGGGAACAGGCCACGCCTAAGCTCCCAGTTGCGGCGCTACGGGCGACTTTATCTAGGTGGCAGCAAAGTCTTGAAGGAACCGGGTGGAATACACTGTTTATTGAAAATCATGATCTCCCGCGGGCCGTTTCTTATTATGGTAACGATCAAGGTGAGTATCGACGCCGATCGGCTAAAGCGTTGGGAATGTTGTACCTATTGATGAAAGGGACACCGTTCATTTACCAAGGTCAGGAATTAGGCTTACCTAATGCTGGCTTTACCAAAATTGCGGATTATCGTGATTTAGATAGCCGGCGTTATTATCAGCGACAACGTGCTGCCGGTGTGGCTGAGCCACAGATTCTTTCACAATTGGCATTGCGGAGCTGGGATAACGCGCGGACGCCAATGCCGTGGACACATCAGCAGTATGGCGGCTTTTCCGATCATGAGCCCTGGCTCCAGATGGCCCCTGGTGTAGCGCAAATTAATGTTGAGCGTGAAAGTCACGATCCACATGCGGTACTTCCATTCTATCAGCAGCTCATTCGGATAAAAAAATCAGTACCAGCACTGCGATCAGGACGATATGAACTGATAGATACAGGAGATAATCAGCTGTACGTCTATCGTCGTACCCTGAATGGGGATAACTGGTTGGTCGTGGTCAATATGAGTGATCAGCCAGCAACTACTCAAAATTTTGACTTAACAACTAGCGAGTTGATTTTAACCAACCTACCAGTTGATGCGGCTTCTGATGATAGGCAGATCCAGCCTTGGGAGGCCCGATTATATCATTGGCGGCGATTAGAATAG,1638
NEG_LVISKB_0370_glycosyl_hydrolase,0,378773,381052,1,ATGTCAACCATGAAACGAATTTTTGAGGTCCAACCATGGAACGTAATTACGCATACTTTTGACCCCAAAGACAAACGTCTCCAAGAATCCATGACCAGTTTAGGTAATGGCTACATGGGGATGCGGGGTGACTTTGAAGAAGGCTATAGTGGCGATTCCCTCCAAGGCATTTACTTGGGTGGTGTCTGGTATCCAGACAAAACTCGGGTTGGTTGGTGGAAGAATGGCTATCCGAAGTACTTTGGTAAGGTCGTCAATGCCGTCAACTTTATCAAGTTACCGATTGAAATTAACGGTGAACCCGTTGATTTAGCAAAAGATAAGATCAGTGACTTTACCTTAGACCTTGATATGCATCAGGGTGTTTTGAACCGGTCATTTGTTGTTGAACGCGGTGCTGTTCGCGTCGCCTTGAATTTCCAACGTTTCTTAAGTGTTGCTCAGCCAGAATTGTCCGTACAAAAAGTAACGGTCAAGAACCTGAGCGATGCTGAGGTTGACGTGACCCTAAAGCCAAGTATCGATGCCGATGTGATGAACGAAGAAGCTAATTACGATGAACGCTTCTGGGATGTCTTGGCCACTGACCAACAGGCAGATCGGGGGAGTATCGTTGCCAAGACCACGCCTAATCCATTTGGGACACCCCGGTTTACTTCCGGGATGGAAATGCGGTTGGTAACGGACTTAAAGAACGTTGCCATCACGCAACCAAATGAAAAAGAAGTGACGACGGCGTATACCGGTAAGCTGGCCCCACAGGCAAGCGCTGAATTAGAAAAGCGCGTGATTGTGGTAACGTCACGGGATTACGACACACAAGAAAGCTTAACGGCAGCCATGCATCAGTTGAGCGACAAAGTGGCCCAATCTTCATATGAAGACTTGTTGAACGCACACACGGCCATCTGGGCCCAACGGTGGGAAAAATCTGACGTTGTGATCCAAGGTGACGATGAGTCACAACAAGGAATTCGCTTTAACCTGTTCCAGTTGTTCTCCACGTACTACGGTGACGATGCACGCTTGAATATCGGACCTAAAGGCTTTACGGGCGAGAAGTATGGTGGTGCAACTTACTGGGATACCGAAGCCTTTGCTTTCCCTGTTTATCTTGGGATTACTGATCCTAAGGTCACGCGTAACCTCTTGATGTACCGTTACAAGCAATTAGACGGTGCTTACATCAACGCACAAGAACAAGGGCTCAAAGGGGCCTTGTTCCCAATGGTGACCTTCGATGGGATTGAATGCCATAATGAATGGGAAATCACCTTCGAAGAAATTCACCGAAATGGTGATATTGCTTTTGCCATCTACAACTACACACGTTACACCGGTGACGACAGTTATGTCTTGCATGAAGGGGCCAGGGTGCTGACCGAAATTTCTCGGTTCTGGGCCGACCGGGTTCACTTCAGTAAGCGTAATAACCAGTATATGATTCATGGGGTTACGGGCGCTGATGAGTATGAAAACAACGTTGATAACAACTGGGATACCAACATGTTGGCTCAGTGGACGTTGAAGTACACACTAGAAATATTGGGTAAGGTTGATCAGAATACCGCCAAGCAATTGGATGTTTCCGATGAGGAAAAGACGAAGTGGCAAGACATTGTCGATCGGATGTATCTGCCTTACGATAAGGATCTGAACATTTTTGTTCAACACGATGGGTTCTTGGATAAGGATATCGAACCCGTCAGCTCGATTCCAGCTGACCAACGGCCAATTAACCAAAACTGGTCGTGGGATAAGATCTTGCGGTCGCCTTACATTAAGCAAGGGGATGTCTTGCAAGGAATCTGGGACTTTATTGATGACTACACGCCAGAACAAAAGAAGGCCAACTTTGACTTCTACGAACCACTGACGGTGCACGAATCTAGTTTGTCCCCAGCAATCCACTCGGTATTAGCTGCTGACTTGCATTATGAGGATAAGGCCGTAGAATTGTACTCACGGACGGCACGACTGGATTTGGATAACTACAATAATGACACGACAGATGGCCTACACATTACGGCCATGACTGGTGGCTGGATTGCGGTAGTTCAAGGTTTCGCGGGCATGCGGGTTCGCGATGGGCAGTTGCATTATGCCCCATTCTTGCCCAAGACGTGGACAAGCTACACCTTCCGGCAAGTCTTCCGTGATCGGCTGATTGAAGTCAGCGTTCACGCAGATGGCCCTCACTTCAAGCTACTCAGTGGCGAACCACTGACGATTGATGTGGCTGGTGAAAAGGTTGAATTAACCCAAAACGTGACAGCTTAA,2280
NEG_LVISKB_0471_aryl_phospho_bgl,0,489704,491179,1,GTGACTAAAAAAACATTACCAGCAGACTTTTTGTGGGGTGGCGCTGTAGCAGCACACCAAGTTGAAGGCGCTTACGACGTTGGCGGTAAGGGGTTAAGCGTGGCCGATGTTATGACGGCCGCCGGGACACACGATGAACGGCGGATTACCGTCGGCGTTCAACCCAATGAGTTCTATCCTAACCATGAGGCTGTGGATTTTTATCATCAGTATCCCACAGATGTCAAACTCTTTGCCGAAATGGGCTTCAAGTGTTTTCGAACGTCGATTGCGTGGTCCCGAATTTTTCCACAAGGTGATGAGGTCGAACCCAATGAAGCTGGACTTGCCTTCTATGATCGCCTGTTTGATGAGTGTCATAAATATCATATTGAACCGGTCGTGACGTTGTCTCATTTTGAGATGCCCTATCACTTAGTGACCAAATACGGTGGTTTCCGAAGTCGGCAGACGATTAAATTCTTTACCCGCTTTGCTCAAACGGTCTTTGAACGTTACCGCGACAAGGTGACCTACTGGCTGACCTTTAACGAGATTAATAATCAAATTAACTACGATCGGGCCTTCACGCTCTTTACCAATTCAGGTATTCAAGTACAGCCGGGAGAAAACGCTGAAGCAGTGATGTATCAAGCCAGCCATTACGAGGTTGTTGCTAGTGCGATTGCGGTTCAAATCGCCCACACAATTAATCCGGACTTTCAGGTTGGGGCGATGGTCGCATTTTCACCAGTTTATCCCGCCACGGATAAGCCCCGTGATGTCTTCAAAGCACAACGGGCGATGCAGGCGCGCTTCTGGTATTCCGATGTGCAAGTTGAAGGTCAGTATCCGACTTGGCTGACCAACTACTTTGAAACCAAGGGGTTTGATCTGGACATCACCGCAGCTGACTTAGTTAATTTGCGGCAAGGCACGGTCGATTATTTGGGCTTTAGCTACTACATGTCTTTTGCCACCGCGGCGACTGACGATGAGGATGACCAATTCTCTTATAACGAAACTGATGATTTAGTGACCAACCAATTTGTTCCGCAATCCGCTTGGGGGTGGCAAGTTGATCCACAAGGACTGCGGTATGGCTTGAACTGGATGAACGACCGCTACCACTTGCCTTTGTTCATTGTGGAAAATGGCATTGGCGCGATTGACCAGTTGACGGCAACTCATGAGGTCCATGATCAATACCGGATTGACTATCTGCATGACCATATCGAGCAAATGGAGTTGGCGATGACCGAAGATGGCGTGCCGGTAATGGGGTATACCCCGTGGAGTGCCATTGACATTGTTTCTGCCAGCACGGGTCAATTATCCAAACGGTATGGGTTCATCTATGTCGATCGGAACGATGACGGCAGTGGGAGCCTCGCTCGCTACCGCAAGGACTCATTTTATTGGTATCAACGGGTAATTGCCTCGAATGGGGCTGACTTAACGCCGACGGGTGGTGAACATGATGGCAGTAAAGCGTGA,1476
NEG_LVISKB_1690_alpha_galactosidase,0,1714950,1717181,-1,TTGAAAGGAATCGATGCTATGTCAATCCATGTCAATGAAGCTAATCTTACGTTTCATTTACAAACCGATCACACGAGTTATATTTTTCAAATTATGAAAAATGGCGAGGCCGGTCAGATTTATTATGGACCAAGAATCCACGTGCAACCGACCTATCAAAATCTCATGTCACAGGAATGGCGTGATGCGACACCGTCATTGAACGAAGAAAACCCGAATTTTCAGCCAGCTACGATCAAGGCTGAGTATGCGAGCTTGGGTAAGGGTGATTTCCGGCAACCGGCTTTTCAAGTGACCCAAGCAAATGGGAGCCGGATTACCGAGTTGACTTATGATCATTACCAACTACTAACAGGGAAACAGCGATTAGCCAACTTGCCATCAACGTTTGATGATACCGACGATGATGCCCAAACATTAGTCGTGTCCTTTAACGATCGGATTACCGGGTTGGCACTTGACCTTAATTATAGTATTTTTCCACACCAAGATGTCATTGTAAAAAGTACGAAGTTTACCAATCCAAGTTCCGAAAAATTAGTTCTGAATCGGGCGCTTAGTTCTCAATTAGATTTACCGGATGCCAATTATGACCTAATCCAATTTTCTGGTACGTGGGCGCGTGAACGGCATCTGTATCGTCATCCATTACGATCGGGAATGCAGAGTATTAGTAGCCTACGGATGGCCTCAAGTCACCAACAAAACCCCTTCATGATGTTGGCCCGCCCACAGACGACCGACGAGCAAGGGGCGGTCTTTGGCTTCAATTTAGTTTATTCCGGTAATTTTTTGGATGCCATTGAAGTTGACCAATACAGTACCAGCCGGATTCTGACCGGAATCAATCCAGACGAATTTGGTTGGAATCTGGCCCCGCAAGCGACATTTCAGACTCCCGAGGCAATTTTGAGTTATACCTCAGCCGGAATGAACCAACTGTCACAGCAAATGGCCAGTTTTTATCAGCAGCATTTGGTTAATCCGCGATTTGCTCATGAGGAACGGCCGGTGCTGATTAATAATTGGGAGGCCACTTACTTTGACTTTAACGAAGCGAAGTTGATGACGATTGTTAACCAGGCTAAGCGACTGGGAATTGAGATGTTTGTGCTGGATGATGGCTGGTTTGGCCACCGGGATGACGACACCACCTCCTTAGGGGACTGGTTTGTCGATCAGAGGAAGTTTCCGGATGGCATCGAACACTTCAGTCAAGCAGTTCATCAGCAAGGGATGAAGTTTGGTTTGTGGTTTGAACCGGAAATGGTTTCTGTTGATAGTGACCTTTACCAACAGCATCCCGACTGGTTGATTCATGCACCCAAATCGACGCCAACGCCTGGTCGCCACCAGTTCGTTTTGGATATGGCGCGGCCAGAAGTGGTCGATTACCTATTTAAGCTGATGAGTCAGATGATTGAATCGGCGAACTTGGACTACATCAAGTGGGATATGAACCGCTATGCGACGGAAATGTTTAGTTCAAGGTTAACTAGTGATCAGCAATTAGAACTGCCGCATCGATATATTCTAGGCGTTTATCAGTTGTATGCTCGACTAACGCAGGCCTATCCGAATGTTTTGTTTGAATCCTGTGCGTCCGGTGGGGGCCGGTTCGATCTGGGGATGATGTATTATGCGCCGCAAGCGTGGACGAGTGATGATACTGATGCGGCAGAACGCCTGCTGATTCAATTCGGGACGTCCTATGGGTATCCACAAGCCATGATGGGAGCCCACGTCTCTGCGGTTCCAAATGACCAGATGGGGCGGATCACGTCGCTAAAGACCAGAGGGGCCGTAGCGTTCTTCGGTGATTTGGGGTATGAACTCGATATTACCAAGATGGCGCCAACGGAATTGGACCAAGTCAAAAAACAAGTGGCCTTTTATAAATGTTATCGCCAGCTTTTCCAATTTGGAAAGTTTTACCGAATCGACAGTCCCTTTGTGGGGGACGGCAATGTCACTAGTTGGCAGGTTGTGAGTGACGACCAGAAACAAGCGATTGCCGCCCGGTACCAACTGTTGAATCATCCCAATGCGCCTTATACCCGCTTCTATTTCAAGGGATTACGTCCTAATCAGCGCTATCAAATTAATGATGACCCATCAACCTATTATGGGGATGAATTAATGAATGCTGGTTATTTTGTCCCAACCATTTTGGCGGACGGCCAAGAGTCTAAAGACTTTTATACCCAGTTGTTTGTGGTGACGGCAATTTAG,2232
NEG_LVISKB_2231_glycosyl_hydrolase,0,2225502,2227739,-1,GTGCAAATCCGACAACTGGGGGAGATCATGTTGACGTTACAAGATTATCATTTAACACTACACGATGTGGCCAATCACCAACCGGCTTATTTGGAAACCATCTTTTCCTTAGCCAACGGGCACTTCGGGGTGCGGGCCAATGACCCCATCACAGGAAATCCGATTGCGGGGACGCTCATCAACGGCTTCTATGAAACGGCACCGATAACGTATGGCGAAGCCGGTGTGGGGTACGCGAAGGCCCACCAAACGATTCTTAATTTACCTGACTTTCGCCATATCAACGTGGCGACAACGACCGGGCACAGCTTTACCAGTAGTGAGCGGACGAAAGTTGATCTGGATTTGGCGACGGGGGAACTCACGGAACACTACACACTGCAAACACGGCAGGGTGAAACGATTGCAATGAGTGTTCAGTCTGTGATTGGGCAGACGCAGACGGCTTTTTGGGCGGTCAATTATGGCTTTCTCGCCGGCAATTATGCTGGTGGCCTAGTCGTCAATAAAACGATTGCGGTTCCCGCCGAAGCCGAAAGCTTACCATCTGCTGACCCCCGCAAGACGCGACTCGCCGGGCTGCCCATTTGTGAAACCACCTTTATGGCAAAAGACTTGCAGCAGTATCACGTTAAGACGCGGCAGACCAAACAATCGGTGACCATCTATTTGGGGATGTTGACAACACCGGGGAGTCTCTTGCGGCAGCCAGTAGACTTGAGCGACCATACAACGCACCACCTGAGCTATGAAGTCTATGTAGGGGAGATGGGGCAACAAAATACCATCGATCCCGCCCTCCCATTTCCGGCAACGGCTCTAACCGCACTGTTGGCCGACAGCCGTGACTTTTGGCAAGATGTCTGGCAACGCAGTGAAGTCACGGTGGGGGGCAACGATGAGTTAGATCTCGCGATTCACTACAACCTCTTTCAATTGAATCAGGCGGCTGGACGTGATGGACGGACCAATATTGCGGCCAAAGGACTCAGTGGTTCCGGCTACGAGGGCCATTACTTCTGGGATACCGAGATGTACATGCTCCCGTACTTCATCTATACCAATCAGCCGATGGCCCGTCAGCTACTGGTCTATCGGTACCAAACACTGCCACAGGCCCGGCAACGCGCCCGGACACTGGGGGTCGACCAAGGCGCCTTGTTTGCTTGGCGGACAATCAATGGCGAAGAGGCCTCGGCTTATTTCCCAGCAGGAACCGCACAGTACCACATTGATGCCGATATTGCTTATGCAGTGGGTAAGTATTACGAGATTACCCGCGATATTGATTTTATCAAGCAATGTGGTTTTGAAATGGTTTTGGAAACGGCGCATTTCTGGGAAGCGTTTGGTTCCTGGCATCAGGTGGGTACGAGTCAGCGGTTTGAATTTCACACCGTTACTGGGCCCGATGAGTACACGGCGTTGGTCAATAATAACTACTATACCAATCGCTTAGCTAAACACAACTTTGAACTCGTTACGTATCTGGCACAGGAGATTTTGAAAGTGGACCCCAATGGTTTAACTAAATTTGGGATTGATGCGACCGATATTGGTGCCTTCCAAAATCTGGCAGAGCACGTGTATTTGCCTTATAGTACTGAACAGCAGATCAACGCGCAAGATGATAGTTTTCTGAGCAAGCCACGCTGGCCGGTGGCGCAGTCAACACCGGAAAACTTTCCCTTGTTGCTCCACTATCACCCGTTGACAATCTATCGGTACCAAGTTGCCAAACAAGCGGACACGTTGCTGGCAGATTACCTGTTTCCAGAGGATTTATCGCCAGAGCAGTTGCAGCGGGAGTACCATTACTATGAAGGCATGACCACGCATGATTCTTCTTTGTCGCGTTCGATTTTCAGTATTTTAGCGGCACGGATGGGGGATGTCGAGAAGGGCTATCGCTATTTTATGGATACGGCACAAATGGATTTGGTCAATCTGCAAAAGAACACGGCAGATGGTCTGCATCTCGCTAATTTGGGCGGCAGTTGGTTGGCTTTAGTCGCTGGCTTCTCGGGGTTCTACGTGCAAGACGAGGTGGTTCACTTTACCAATCATCTGCCGTCAGAACTGACGCAGCTAACCTACCGGATGAAGATTGCCGAAAGCGTGTTGGAGATTAAGCTGACGGCCACTGAGACCACGGTGGTGGTGATTAGTGGCCCCATTCCAACGTATGGTGTGAGTGTCAATGGCCAGTTGATTTCGCTAGCCAAGAAAGTGCGTTGA,2238
NEG_LVISKB_2240_oligo16glucosidase,0,2236611,2238284,1,ATGACTAAAAAATGGTGGCAAAATGCCGTCGTCTATCAGGTTTATCCACGTAGTTACCAAGACAGTAACGGCGATGGTATCGGTGATCTCGCGGGCTTGACCCAACGACTGCCCTACATCAAGCGACTAGGCGCTGATGTGATCTGGCTCAACCCCATCTACAAGTCCCCTGACAAGGACAATGGCTATGATATTAGTGATTATCAAAGTATCCAATCAGCCTACGGCACCATGGCGGACTTCGATCATTTATTAGATAGCGCTCATCAGCAGGGCTTGAAGCTTCTCATGGACTTGGTCGTTAACCATACATCCGACCAACACGATTGGTTCCAACAAAGCCGGCAATCTAAGGACAATCCGTATGCTGATTACTACATCTGGCGTGACCCAGTCGATGGCCATGAACCCAACAACTGGGGGTCATACTTTAGCGGCTCCGCTTGGACCTTTGAACCCAAGCGTAACCAATATTACTTACACTTATTTGCCCCCGGTCAACCTGACTTGAACTGGGAAAATCCTCAGGTTCGCCAAGAGGTCTGGAACCTGATGCGCTTCTGGTTAGACAAGGGCGTTGACGGCTTTCGGATGGATGTCATCAACTTAATTTCTAAGCCAGCTGGTTTACCAGATGCTCCTCAAGCTCCCGGTGCCGCTTACGGCGATTCTCAACCTATCGTTTCTGATGGGCCTAAGCTCAACGATTATCTGCGCGAAATGAATGACGAAGTCTTGTCCCACTATGACGTGATGACCGTTGGCGAAATGCCCGGCTCAACGCCTAAAGACGCGATCACTTATACCGGGCTGAACGCCAACGAACTCAACATGGTCTTCCAATTTGAACACGTCGGCCTATCACCTAACCCCGATGCGCGGCTGGGCAAATGGAACGCGGTTCCCGTCAAATTAACGGAACTCAAGGACAGCCTCTCCCGCTGGCAAACGGCATTGGATGGCAAAGGTTGGAACAGTCTGTATTGGAACAACCACGATCAACCCCGTGCAGTCTCCCGCTTTGGTAACGACACCCCCGAGTTCCGGGAACGTTCTGCCAAAATGTTAGCTACTACCCTGCATATGATGCAAGGGACCCCCTACGTCTACGAAGGGGAAGAACTGGGCATGACCAATGTGCACTACACCCAATTGGATCAGTATGAAGACCTTGAGAGTCTGAACGCTTATCATGAATTGGTTGATGACCAACACATTGTTGACCAGCCAACCATGTTGAAATACCTCAGTCACATCTCCCGTGATAATGCGCGGACACCGATGCACTGGGACGATACCACCAACGCGGGCTTCACAACCGGACAACCGTGGTTTGCTTTGAATCCCAATTACCCCACGATTAACGCGGCGGACCAGCTCGACCAAGACGATTCGGTCTTCAATTACTACCGGCGCTTAATTGCACTGCGGCACAGCAGTGACCTGATTGTTCTGGGGTCCTATGAAGAACTGGACCCTAAAGATGACCAAGTCTTTGCCTACAAGCGGCATTACCAAGAGCAAACACTCCTCGTGATGAGTAACTTTACCGACCAAACCGTTACGCGCGACTATGGGCAAGCTGAGGCTAGTGAACGGTTAATTGGCAACTATGCCGATGACCAAGGCACTACGCTCCGGCCGTATGAAACGAAGGTTTATGTGTTTAAGTAA,1674
NEG_LVISKB_2298_endo16bglucosidase,0,2294304,2295836,1,ATGAAGAAGTTCCAACATGAATTCTGGACCGCCACTTCCGGCGATCTAACGCAGCGCCGCACACCGCTAGCAACACCCGATTATCAATCGACCAGCGCGGCGGCCGTGAAAATCATCATTGACCCCGCCGACCGTCATCAACCATGGTTAGGTGGCGGGGCCGCTATTACGGACTCAGCTGCGTATCTCTTATGGTCCGTCATGAGCGCTGAACAACGGCGTGCCCTGTTAACTGAACTATTTGATCCCGATCAAGGCGGCTTTTCTAGCGTGCGGGTGCCTCTAGGATCTTGCGATTTTCAAAGCCAAGATTTTTATACCTACGATGACGTCCCATATGGTGAACACGATCAGAAGCTGGAACAGTTCTCCATCGGTACTGGTCAGCCAGGCGCACCAGATGCCACCAAAGATTTAAAGCACATCGTCCCCGTCCTACAAGAAATTTTGGCCATTAATCCGGCCGTGAAAGTCATTGCTTCACCATGGTCCGCCCCCGCATGGATGAAAAACACAGGTCATTTGACCCATGGTGGTCATCTGCGGTTTGGCGAATTCACTGGCAATGGCTATACCGAGGAAAATCGTTTCGAATATATTTATGCCCAGTACTTTATTCGGTATATTGAGGCCTATCAAAAACTGGGCATCCCCATCTATGGGCTCACCATTCAAAATGAACCGTCGAATGCCGCTCACTGGCCAGCTATGATTTGGACGGTTCCCCAGCTAGCTGACTTTGGTTACCGTTATCTTCGCCCGGCATTAAACCACAGTTTCCCCGATACCAAACTTTACCTATTAGATGATAGTTTTCATGCGTTGACCAAGCCAATTACGGCAGAAGTCACCCCAGAGCAGGCCGCCGCATTTGACGGACTTGCCGTTCACACCTACTCGGGCCCCTATGACAATCTCTATCACGCCAACCGTGCCTATCCCAATTGGTCGACAATCATGACTGAACGCCGATGCATGATGACCGACACGCCTGAGGAAGCCGCTCATATTATGTTTGGAATTATCGGTAATTGGTTAGTTCACAACGGTCTCAGTATGATTACCTTGTGGAACCTAGCGCTCGATGAACGAGGTCTGCCCAACGCCGCGGATTCCACTGGGCGAGAAGGTGTCGTCACCATTGACCATACGACCGGGAAAGTCCAGCGTAACCTGGAATACTTCATGCTGCGAAACTTCGGTCAGGATGTTAGCGTGGGCGCAACCGTCATTGGTTCCACCAACTATACCCGTGATGGCTATACGGGTGGGCTAGGCTCTGTGGCCTTTTTAGGAACCGCTGGCGACATTGCCGCACACCTTTACAACCCAACCGCCCAACCGATTCAGGCCGCCGTCACCATTAATGGTAACGGTGCTAATTGGCAATTGGTCACCGTTCCGCCATATGGGACCGTCACCCTACACAAGTCAGATGCCCCGCTTAACACCACGAACGTGCCTGTGGATGATGAATTTCCTCTGAATCCAACACCCGCTAATCATAGTGATGTCGCCCCTGGACAGCATTAA,1533
